{
  "ambient": {
    "#is_color": true,
    "#value": [1.0,1.0,1.0]
  },
  "clear_color": {
    "#advanced": true,
    "#is_color": true,
    "#value": [0.0470588244497776,0.0470588244497776,0.0470588244497776]
  },
  "view_speed": {
    "move": {
      "#min": 0.25,
      "#value": 3.875
    },
    "pan": {
      "#max": 2.0,
      "#min": 0.019999999552965164,
      "#value": 0.800000011920929
    },
    "rotate": {
      "#max": 1.0,
      "#min": 0.019999999552965164,
      "#value": 0.5
    },
    "zoom": {
      "#max": 1.0,
      "#min": 0.019999999552965164,
      "#value": 0.5
    }
  }
}