{
  "ambient": {
    "#is_color": true,
    "#value": [1.0,1.0,1.0]
  },
  "camera": [-10.25,-13.875,-20.375],
  "clear_color": {
    "#advanced": true,
    "#is_color": true,
    "#value": [0.0470588244497776,0.0470588244497776,0.0470588244497776]
  }
}