{
  "color": {
    "#is_color": true,
    "#value": [0.2616649866104126,0.539130449295044,0.060945186764001846]
  },
  "color4": [14.375,1.0,1.0,1.0],
  "colored": {
    "#description": "tolored",
    "#value": false
  },
  "padding": [-71.875,-107.0],
  "test": {
    "#readonly": true,
    "#value": false,
    "a": "42413",
    "b": true,
    "c": {
      "#is_unit": true,
      "#value": 0.05999999865889549
    },
    "d": {
      "f": -28.125,
      "ff": 21
    },
    "vec": [10.0,10.0,0.0]
  },
  "value": {
    "a": {
      "#description": "test.d.f",
      "#value": 12.0
    }
  }
}